state,year,month,avg_temp,month_num,date,year_month
Alabama,2020,jan,27.3,1,2020-01-01,2020-01
Alabama,2021,jan,26.6,1,2021-01-01,2021-01
Alabama,2022,jan,23.9,1,2022-01-01,2022-01
Alabama,2023,jan,23.2,1,2023-01-01,2023-01
Alabama,2024,jan,25.4,1,2024-01-01,2024-01
Alabama,2025,jan,22.2,1,2025-01-01,2025-01
Alabama,2026,jan,28.6,1,2026-01-01,2026-01
Arizona,2020,jan,27.0,1,2020-01-01,2020-01
Arizona,2021,jan,25.0,1,2021-01-01,2021-01
Arizona,2022,jan,15.4,1,2022-01-01,2022-01
Arizona,2023,jan,28.2,1,2023-01-01,2023-01
Arizona,2024,jan,24.5,1,2024-01-01,2024-01
Arizona,2025,jan,18.8,1,2025-01-01,2025-01
Arizona,2026,jan,16.9,1,2026-01-01,2026-01
Arkansas,2020,jan,27.7,1,2020-01-01,2020-01
Arkansas,2021,jan,24.0,1,2021-01-01,2021-01
Arkansas,2022,jan,15.8,1,2022-01-01,2022-01
Arkansas,2023,jan,30.6,1,2023-01-01,2023-01
Arkansas,2024,jan,26.6,1,2024-01-01,2024-01
Arkansas,2025,jan,20.1,1,2025-01-01,2025-01
Arkansas,2026,jan,18.9,1,2026-01-01,2026-01
California,2020,jan,43.0,1,2020-01-01,2020-01
California,2021,jan,39.7,1,2021-01-01,2021-01
California,2022,jan,35.5,1,2022-01-01,2022-01
California,2023,jan,44.9,1,2023-01-01,2023-01
California,2024,jan,34.8,1,2024-01-01,2024-01
California,2025,jan,32.7,1,2025-01-01,2025-01
California,2026,jan,36.3,1,2026-01-01,2026-01
Colorado,2020,jan,-6.4,1,2020-01-01,2020-01
Colorado,2021,jan,10.6,1,2021-01-01,2021-01
Colorado,2022,jan,2.6,1,2022-01-01,2022-01
Colorado,2023,jan,10.9,1,2023-01-01,2023-01
Colorado,2024,jan,3.2,1,2024-01-01,2024-01
Colorado,2025,jan,14.9,1,2025-01-01,2025-01
Colorado,2026,jan,0.8,1,2026-01-01,2026-01
Illinois,2020,jan,35.53,1,2020-01-01,2020-01
Illinois,2021,jan,34.59,1,2021-01-01,2021-01
Illinois,2022,jan,31.17,1,2022-01-01,2022-01
Illinois,2023,jan,35.08,1,2023-01-01,2023-01
Illinois,2024,jan,31.86,1,2024-01-01,2024-01
Illinois,2025,jan,29.19,1,2025-01-01,2025-01
Illinois,2026,jan,33.15,1,2026-01-01,2026-01
Indiana,2020,jan,34.7,1,2020-01-01,2020-01
Indiana,2021,jan,34.1,1,2021-01-01,2021-01
Indiana,2022,jan,34.1,1,2022-01-01,2022-01
Indiana,2023,jan,31.4,1,2023-01-01,2023-01
Indiana,2024,jan,33.6,1,2024-01-01,2024-01
Indiana,2025,jan,31.3,1,2025-01-01,2025-01
Indiana,2026,jan,36.7,1,2026-01-01,2026-01
Minnesota,2020,jan,25.2,1,2020-01-01,2020-01
Minnesota,2021,jan,27.7,1,2021-01-01,2021-01
Minnesota,2022,jan,23.6,1,2022-01-01,2022-01
Minnesota,2023,jan,23.8,1,2023-01-01,2023-01
Minnesota,2024,jan,19.6,1,2024-01-01,2024-01
Minnesota,2025,jan,19.6,1,2025-01-01,2025-01
Minnesota,2026,jan,26.2,1,2026-01-01,2026-01
Mississippi,2020,jan,28.6,1,2020-01-01,2020-01
Mississippi,2021,jan,28.9,1,2021-01-01,2021-01
Mississippi,2022,jan,23.5,1,2022-01-01,2022-01
Mississippi,2023,jan,28.5,1,2023-01-01,2023-01
Mississippi,2024,jan,23.4,1,2024-01-01,2024-01
Mississippi,2025,jan,21.3,1,2025-01-01,2025-01
Mississippi,2026,jan,25.6,1,2026-01-01,2026-01
Nebraska,2020,jan,21.3,1,2020-01-01,2020-01
Nebraska,2021,jan,25.0,1,2021-01-01,2021-01
Nebraska,2022,jan,18.9,1,2022-01-01,2022-01
Nebraska,2023,jan,20.4,1,2023-01-01,2023-01
Nebraska,2024,jan,18.7,1,2024-01-01,2024-01
Nebraska,2025,jan,17.2,1,2025-01-01,2025-01
Nebraska,2026,jan,22.4,1,2026-01-01,2026-01
Nevada,2020,jan,30.3,1,2020-01-01,2020-01
Nevada,2021,jan,29.9,1,2021-01-01,2021-01
Nevada,2022,jan,22.5,1,2022-01-01,2022-01
Nevada,2023,jan,32.0,1,2023-01-01,2023-01
Nevada,2024,jan,25.5,1,2024-01-01,2024-01
Nevada,2025,jan,23.0,1,2025-01-01,2025-01
Nevada,2026,jan,24.4,1,2026-01-01,2026-01
Oregon,2020,jan,16.1,1,2020-01-01,2020-01
Oregon,2021,jan,22.5,1,2021-01-01,2021-01
Oregon,2022,jan,11.8,1,2022-01-01,2022-01
Oregon,2023,jan,16.0,1,2023-01-01,2023-01
Oregon,2024,jan,15.2,1,2024-01-01,2024-01
Oregon,2025,jan,13.2,1,2025-01-01,2025-01
Oregon,2026,jan,15.7,1,2026-01-01,2026-01
Alabama,2020,feb,26.2,2,2020-02-01,2020-02
Alabama,2021,feb,25.4,2,2021-02-01,2021-02
Alabama,2022,feb,24.5,2,2022-02-01,2022-02
Alabama,2023,feb,23.6,2,2023-02-01,2023-02
Alabama,2024,feb,30.5,2,2024-02-01,2024-02
Alabama,2025,feb,26.2,2,2025-02-01,2025-02
Alabama,2026,feb,34.1,2,2026-02-01,2026-02
Arizona,2020,feb,23.7,2,2020-02-01,2020-02
Arizona,2021,feb,17.4,2,2021-02-01,2021-02
Arizona,2022,feb,19.5,2,2022-02-01,2022-02
Arizona,2023,feb,26.5,2,2023-02-01,2023-02
Arizona,2024,feb,31.9,2,2024-02-01,2024-02
Arizona,2025,feb,20.9,2,2025-02-01,2025-02
Arizona,2026,feb,23.7,2,2026-02-01,2026-02
Arkansas,2020,feb,26.6,2,2020-02-01,2020-02
Arkansas,2021,feb,21.7,2,2021-02-01,2021-02
Arkansas,2022,feb,23.8,2,2022-02-01,2022-02
Arkansas,2023,feb,28.1,2,2023-02-01,2023-02
Arkansas,2024,feb,30.4,2,2024-02-01,2024-02
Arkansas,2025,feb,22.3,2,2025-02-01,2025-02
Arkansas,2026,feb,20.2,2,2026-02-01,2026-02
California,2020,feb,43.4,2,2020-02-01,2020-02
California,2021,feb,37.4,2,2021-02-01,2021-02
California,2022,feb,41.8,2,2022-02-01,2022-02
California,2023,feb,48.6,2,2023-02-01,2023-02
California,2024,feb,47.8,2,2024-02-01,2024-02
California,2025,feb,43.2,2,2025-02-01,2025-02
California,2026,feb,42.8,2,2026-02-01,2026-02
Colorado,2020,feb,1.5,2,2020-02-01,2020-02
Colorado,2021,feb,1.0,2,2021-02-01,2021-02
Colorado,2022,feb,8.2,2,2022-02-01,2022-02
Colorado,2023,feb,6.0,2,2023-02-01,2023-02
Colorado,2024,feb,11.1,2,2024-02-01,2024-02
Colorado,2025,feb,11.7,2,2025-02-01,2025-02
Colorado,2026,feb,4.1,2,2026-02-01,2026-02
Illinois,2020,feb,36.16,2,2020-02-01,2020-02
Illinois,2021,feb,30.61,2,2021-02-01,2021-02
Illinois,2022,feb,33.66,2,2022-02-01,2022-02
Illinois,2023,feb,36.34,2,2023-02-01,2023-02
Illinois,2024,feb,40.78,2,2024-02-01,2024-02
Illinois,2025,feb,34.79,2,2025-02-01,2025-02
Illinois,2026,feb,40.32,2,2026-02-01,2026-02
Indiana,2020,feb,36.0,2,2020-02-01,2020-02
Indiana,2021,feb,34.9,2,2021-02-01,2021-02
Indiana,2022,feb,34.5,2,2022-02-01,2022-02
Indiana,2023,feb,32.0,2,2023-02-01,2023-02
Indiana,2024,feb,37.4,2,2024-02-01,2024-02
Indiana,2025,feb,37.4,2,2025-02-01,2025-02
Indiana,2026,feb,41.4,2,2026-02-01,2026-02
Minnesota,2020,feb,26.6,2,2020-02-01,2020-02
Minnesota,2021,feb,15.9,2,2021-02-01,2021-02
Minnesota,2022,feb,24.0,2,2022-02-01,2022-02
Minnesota,2023,feb,25.3,2,2023-02-01,2023-02
Minnesota,2024,feb,33.6,2,2024-02-01,2024-02
Minnesota,2025,feb,19.0,2,2025-02-01,2025-02
Minnesota,2026,feb,35.1,2,2026-02-01,2026-02
Mississippi,2020,feb,29.1,2,2020-02-01,2020-02
Mississippi,2021,feb,19.7,2,2021-02-01,2021-02
Mississippi,2022,feb,26.2,2,2022-02-01,2022-02
Mississippi,2023,feb,30.2,2,2023-02-01,2023-02
Mississippi,2024,feb,36.5,2,2024-02-01,2024-02
Mississippi,2025,feb,24.2,2,2025-02-01,2025-02
Mississippi,2026,feb,34.5,2,2026-02-01,2026-02
Nebraska,2020,feb,23.1,2,2020-02-01,2020-02
Nebraska,2021,feb,15.4,2,2021-02-01,2021-02
Nebraska,2022,feb,19.5,2,2022-02-01,2022-02
Nebraska,2023,feb,21.1,2,2023-02-01,2023-02
Nebraska,2024,feb,29.6,2,2024-02-01,2024-02
Nebraska,2025,feb,16.8,2,2025-02-01,2025-02
Nebraska,2026,feb,30.6,2,2026-02-01,2026-02
Nevada,2020,feb,30.8,2,2020-02-01,2020-02
Nevada,2021,feb,20.8,2,2021-02-01,2021-02
Nevada,2022,feb,27.5,2,2022-02-01,2022-02
Nevada,2023,feb,33.8,2,2023-02-01,2023-02
Nevada,2024,feb,40.2,2,2024-02-01,2024-02
Nevada,2025,feb,27.6,2,2025-02-01,2025-02
Nevada,2026,feb,34.9,2,2026-02-01,2026-02
Oregon,2020,feb,19.3,2,2020-02-01,2020-02
Oregon,2021,feb,9.8,2,2021-02-01,2021-02
Oregon,2022,feb,13.1,2,2022-02-01,2022-02
Oregon,2023,feb,16.9,2,2023-02-01,2023-02
Oregon,2024,feb,28.2,2,2024-02-01,2024-02
Oregon,2025,feb,10.5,2,2025-02-01,2025-02
Oregon,2026,feb,26.3,2,2026-02-01,2026-02
Alabama,2020,mar,35.1,3,2020-03-01,2020-03
Alabama,2021,mar,34.8,3,2021-03-01,2021-03
Alabama,2022,mar,36.3,3,2022-03-01,2022-03
Alabama,2023,mar,27.5,3,2023-03-01,2023-03
Alabama,2024,mar,33.8,3,2024-03-01,2024-03
Alabama,2025,mar,36.5,3,2025-03-01,2025-03
Alabama,2026,mar,41.4,3,2026-03-01,2026-03
Arizona,2020,mar,35.0,3,2020-03-01,2020-03
Arizona,2021,mar,36.8,3,2021-03-01,2021-03
Arizona,2022,mar,31.0,3,2022-03-01,2022-03
Arizona,2023,mar,31.4,3,2023-03-01,2023-03
Arizona,2024,mar,36.5,3,2024-03-01,2024-03
Arizona,2025,mar,35.5,3,2025-03-01,2025-03
Arizona,2026,mar,34.2,3,2026-03-01,2026-03
Arkansas,2020,mar,37.2,3,2020-03-01,2020-03
Arkansas,2021,mar,35.0,3,2021-03-01,2021-03
Arkansas,2022,mar,33.8,3,2022-03-01,2022-03
Arkansas,2023,mar,32.6,3,2023-03-01,2023-03
Arkansas,2024,mar,37.5,3,2024-03-01,2024-03
Arkansas,2025,mar,37.0,3,2025-03-01,2025-03
Arkansas,2026,mar,35.6,3,2026-03-01,2026-03
California,2020,mar,54.7,3,2020-03-01,2020-03
California,2021,mar,53.6,3,2021-03-01,2021-03
California,2022,mar,51.6,3,2022-03-01,2022-03
California,2023,mar,50.5,3,2023-03-01,2023-03
California,2024,mar,52.9,3,2024-03-01,2024-03
California,2025,mar,53.1,3,2025-03-01,2025-03
California,2026,mar,57.8,3,2026-03-01,2026-03
Colorado,2020,mar,12.0,3,2020-03-01,2020-03
Colorado,2021,mar,9.1,3,2021-03-01,2021-03
Colorado,2022,mar,16.7,3,2022-03-01,2022-03
Colorado,2023,mar,13.6,3,2023-03-01,2023-03
Colorado,2024,mar,14.3,3,2024-03-01,2024-03
Colorado,2025,mar,16.8,3,2025-03-01,2025-03
Colorado,2026,mar,0.7,3,2026-03-01,2026-03
Illinois,2020,mar,46.08,3,2020-03-01,2020-03
Illinois,2021,mar,45.52,3,2021-03-01,2021-03
Illinois,2022,mar,44.08,3,2022-03-01,2022-03
Illinois,2023,mar,40.53,3,2023-03-01,2023-03
Illinois,2024,mar,44.94,3,2024-03-01,2024-03
Illinois,2025,mar,46.87,3,2025-03-01,2025-03
Illinois,2026,mar,50.88,3,2026-03-01,2026-03
Indiana,2020,mar,41.5,3,2020-03-01,2020-03
Indiana,2021,mar,40.7,3,2021-03-01,2021-03
Indiana,2022,mar,43.0,3,2022-03-01,2022-03
Indiana,2023,mar,35.7,3,2023-03-01,2023-03
Indiana,2024,mar,40.9,3,2024-03-01,2024-03
Indiana,2025,mar,42.8,3,2025-03-01,2025-03
Indiana,2026,mar,51.0,3,2026-03-01,2026-03
Minnesota,2020,mar,37.4,3,2020-03-01,2020-03
Minnesota,2021,mar,39.4,3,2021-03-01,2021-03
Minnesota,2022,mar,35.8,3,2022-03-01,2022-03
Minnesota,2023,mar,28.4,3,2023-03-01,2023-03
Minnesota,2024,mar,36.1,3,2024-03-01,2024-03
Minnesota,2025,mar,41.0,3,2025-03-01,2025-03
Minnesota,2026,mar,43.3,3,2026-03-01,2026-03
Mississippi,2020,mar,40.8,3,2020-03-01,2020-03
Mississippi,2021,mar,42.1,3,2021-03-01,2021-03
Mississippi,2022,mar,38.7,3,2022-03-01,2022-03
Mississippi,2023,mar,33.8,3,2023-03-01,2023-03
Mississippi,2024,mar,40.2,3,2024-03-01,2024-03
Mississippi,2025,mar,43.3,3,2025-03-01,2025-03
Mississippi,2026,mar,45.3,3,2026-03-01,2026-03
Nebraska,2020,mar,33.5,3,2020-03-01,2020-03
Nebraska,2021,mar,36.3,3,2021-03-01,2021-03
Nebraska,2022,mar,32.6,3,2022-03-01,2022-03
Nebraska,2023,mar,23.3,3,2023-03-01,2023-03
Nebraska,2024,mar,32.0,3,2024-03-01,2024-03
Nebraska,2025,mar,36.6,3,2025-03-01,2025-03
Nebraska,2026,mar,38.4,3,2026-03-01,2026-03
Nevada,2020,mar,44.3,3,2020-03-01,2020-03
Nevada,2021,mar,45.9,3,2021-03-01,2021-03
Nevada,2022,mar,41.5,3,2022-03-01,2022-03
Nevada,2023,mar,38.6,3,2023-03-01,2023-03
Nevada,2024,mar,44.7,3,2024-03-01,2024-03
Nevada,2025,mar,46.3,3,2025-03-01,2025-03
Nevada,2026,mar,47.3,3,2026-03-01,2026-03
Oregon,2020,mar,30.7,3,2020-03-01,2020-03
Oregon,2021,mar,36.4,3,2021-03-01,2021-03
Oregon,2022,mar,29.2,3,2022-03-01,2022-03
Oregon,2023,mar,18.3,3,2023-03-01,2023-03
Oregon,2024,mar,29.0,3,2024-03-01,2024-03
Oregon,2025,mar,34.3,3,2025-03-01,2025-03
Oregon,2026,mar,33.4,3,2026-03-01,2026-03
Alabama,2020,apr,41.6,4,2020-04-01,2020-04
Alabama,2021,apr,42.0,4,2021-04-01,2021-04
Alabama,2022,apr,37.2,4,2022-04-01,2022-04
Alabama,2023,apr,38.6,4,2023-04-01,2023-04
Alabama,2024,apr,42.3,4,2024-04-01,2024-04
Alabama,2025,apr,42.6,4,2025-04-01,2025-04
Alabama,2026,apr,42.1,4,2026-04-01,2026-04
Arizona,2020,apr,40.2,4,2020-04-01,2020-04
Arizona,2021,apr,45.1,4,2021-04-01,2021-04
Arizona,2022,apr,40.2,4,2022-04-01,2022-04
Arizona,2023,apr,44.9,4,2023-04-01,2023-04
Arizona,2024,apr,46.4,4,2024-04-01,2024-04
Arizona,2025,apr,43.1,4,2025-04-01,2025-04
Arizona,2026,apr,46.1,4,2026-04-01,2026-04
Arkansas,2020,apr,41.1,4,2020-04-01,2020-04
Arkansas,2021,apr,45.7,4,2021-04-01,2021-04
Arkansas,2022,apr,43.8,4,2022-04-01,2022-04
Arkansas,2023,apr,48.0,4,2023-04-01,2023-04
Arkansas,2024,apr,45.9,4,2024-04-01,2024-04
Arkansas,2025,apr,45.1,4,2025-04-01,2025-04
Arkansas,2026,apr,47.7,4,2026-04-01,2026-04
California,2020,apr,55.4,4,2020-04-01,2020-04
California,2021,apr,56.2,4,2021-04-01,2021-04
California,2022,apr,56.7,4,2022-04-01,2022-04
California,2023,apr,57.8,4,2023-04-01,2023-04
California,2024,apr,60.5,4,2024-04-01,2024-04
California,2025,apr,62.1,4,2025-04-01,2025-04
California,2026,apr,64.5,4,2026-04-01,2026-04
Colorado,2020,apr,27.5,4,2020-04-01,2020-04
Colorado,2021,apr,23.9,4,2021-04-01,2021-04
Colorado,2022,apr,24.9,4,2022-04-01,2022-04
Colorado,2023,apr,16.8,4,2023-04-01,2023-04
Colorado,2024,apr,27.6,4,2024-04-01,2024-04
Colorado,2025,apr,27.4,4,2025-04-01,2025-04
Colorado,2026,apr,26.2,4,2026-04-01,2026-04
Illinois,2020,apr,50.86,4,2020-04-01,2020-04
Illinois,2021,apr,51.85,4,2021-04-01,2021-04
Illinois,2022,apr,50.67,4,2022-04-01,2022-04
Illinois,2023,apr,51.28,4,2023-04-01,2023-04
Illinois,2024,apr,53.6,4,2024-04-01,2024-04
Illinois,2025,apr,53.6,4,2025-04-01,2025-04
Illinois,2026,apr,54.79,4,2026-04-01,2026-04
Indiana,2020,apr,48.9,4,2020-04-01,2020-04
Indiana,2021,apr,49.5,4,2021-04-01,2021-04
Indiana,2022,apr,47.0,4,2022-04-01,2022-04
Indiana,2023,apr,46.5,4,2023-04-01,2023-04
Indiana,2024,apr,48.5,4,2024-04-01,2024-04
Indiana,2025,apr,49.1,4,2025-04-01,2025-04
Indiana,2026,apr,49.4,4,2026-04-01,2026-04
Minnesota,2020,apr,42.7,4,2020-04-01,2020-04
Minnesota,2021,apr,44.0,4,2021-04-01,2021-04
Minnesota,2022,apr,41.5,4,2022-04-01,2022-04
Minnesota,2023,apr,43.6,4,2023-04-01,2023-04
Minnesota,2024,apr,47.5,4,2024-04-01,2024-04
Minnesota,2025,apr,46.3,4,2025-04-01,2025-04
Minnesota,2026,apr,46.9,4,2026-04-01,2026-04
Mississippi,2020,apr,45.5,4,2020-04-01,2020-04
Mississippi,2021,apr,47.3,4,2021-04-01,2021-04
Mississippi,2022,apr,44.9,4,2022-04-01,2022-04
Mississippi,2023,apr,47.4,4,2023-04-01,2023-04
Mississippi,2024,apr,50.5,4,2024-04-01,2024-04
Mississippi,2025,apr,49.4,4,2025-04-01,2025-04
Mississippi,2026,apr,51.5,4,2026-04-01,2026-04
Nebraska,2020,apr,40.2,4,2020-04-01,2020-04
Nebraska,2021,apr,41.9,4,2021-04-01,2021-04
Nebraska,2022,apr,37.3,4,2022-04-01,2022-04
Nebraska,2023,apr,38.6,4,2023-04-01,2023-04
Nebraska,2024,apr,44.3,4,2024-04-01,2024-04
Nebraska,2025,apr,43.2,4,2025-04-01,2025-04
Nebraska,2026,apr,42.4,4,2026-04-01,2026-04
Nevada,2020,apr,49.2,4,2020-04-01,2020-04
Nevada,2021,apr,51.4,4,2021-04-01,2021-04
Nevada,2022,apr,48.6,4,2022-04-01,2022-04
Nevada,2023,apr,51.7,4,2023-04-01,2023-04
Nevada,2024,apr,54.3,4,2024-04-01,2024-04
Nevada,2025,apr,53.3,4,2025-04-01,2025-04
Nevada,2026,apr,56.5,4,2026-04-01,2026-04
Oregon,2020,apr,39.1,4,2020-04-01,2020-04
Oregon,2021,apr,41.6,4,2021-04-01,2021-04
Oregon,2022,apr,35.5,4,2022-04-01,2022-04
Oregon,2023,apr,36.8,4,2023-04-01,2023-04
Oregon,2024,apr,44.5,4,2024-04-01,2024-04
Oregon,2025,apr,42.9,4,2025-04-01,2025-04
Oregon,2026,apr,41.0,4,2026-04-01,2026-04
Alabama,2020,may,50.6,5,2020-05-01,2020-05
Alabama,2021,may,49.8,5,2021-05-01,2021-05
Alabama,2022,may,46.4,5,2022-05-01,2022-05
Alabama,2023,may,54.3,5,2023-05-01,2023-05
Alabama,2024,may,47.0,5,2024-05-01,2024-05
Alabama,2025,may,52.3,5,2025-05-01,2025-05
Alabama,2026,may,-99.9,5,2026-05-01,2026-05
Arizona,2020,may,53.2,5,2020-05-01,2020-05
Arizona,2021,may,54.0,5,2021-05-01,2021-05
Arizona,2022,may,57.6,5,2022-05-01,2022-05
Arizona,2023,may,55.0,5,2023-05-01,2023-05
Arizona,2024,may,58.2,5,2024-05-01,2024-05
Arizona,2025,may,53.7,5,2025-05-01,2025-05
Arizona,2026,may,-99.9,5,2026-05-01,2026-05
Arkansas,2020,may,54.2,5,2020-05-01,2020-05
Arkansas,2021,may,54.7,5,2021-05-01,2021-05
Arkansas,2022,may,58.6,5,2022-05-01,2022-05
Arkansas,2023,may,53.9,5,2023-05-01,2023-05
Arkansas,2024,may,60.0,5,2024-05-01,2024-05
Arkansas,2025,may,55.2,5,2025-05-01,2025-05
Arkansas,2026,may,-99.9,5,2026-05-01,2026-05
California,2020,may,64.0,5,2020-05-01,2020-05
California,2021,may,64.1,5,2021-05-01,2021-05
California,2022,may,69.0,5,2022-05-01,2022-05
California,2023,may,66.1,5,2023-05-01,2023-05
California,2024,may,69.4,5,2024-05-01,2024-05
California,2025,may,66.5,5,2025-05-01,2025-05
California,2026,may,-99.9,5,2026-05-01,2026-05
Colorado,2020,may,43.3,5,2020-05-01,2020-05
Colorado,2021,may,40.3,5,2021-05-01,2021-05
Colorado,2022,may,40.1,5,2022-05-01,2022-05
Colorado,2023,may,39.8,5,2023-05-01,2023-05
Colorado,2024,may,38.3,5,2024-05-01,2024-05
Colorado,2025,may,38.9,5,2025-05-01,2025-05
Colorado,2026,may,-99.9,5,2026-05-01,2026-05
Illinois,2020,may,60.89,5,2020-05-01,2020-05
Illinois,2021,may,60.33,5,2021-05-01,2021-05
Illinois,2022,may,61.92,5,2022-05-01,2022-05
Illinois,2023,may,62.37,5,2023-05-01,2023-05
Illinois,2024,may,62.26,5,2024-05-01,2024-05
Illinois,2025,may,61.74,5,2025-05-01,2025-05
Illinois,2026,may,-99.9,5,2026-05-01,2026-05
Indiana,2020,may,58.4,5,2020-05-01,2020-05
Indiana,2021,may,57.1,5,2021-05-01,2021-05
Indiana,2022,may,55.2,5,2022-05-01,2022-05
Indiana,2023,may,58.2,5,2023-05-01,2023-05
Indiana,2024,may,55.1,5,2024-05-01,2024-05
Indiana,2025,may,57.8,5,2025-05-01,2025-05
Indiana,2026,may,-99.9,5,2026-05-01,2026-05
Minnesota,2020,may,54.6,5,2020-05-01,2020-05
Minnesota,2021,may,54.0,5,2021-05-01,2021-05
Minnesota,2022,may,54.5,5,2022-05-01,2022-05
Minnesota,2023,may,59.4,5,2023-05-01,2023-05
Minnesota,2024,may,55.0,5,2024-05-01,2024-05
Minnesota,2025,may,56.4,5,2025-05-01,2025-05
Minnesota,2026,may,-99.9,5,2026-05-01,2026-05
Mississippi,2020,may,56.7,5,2020-05-01,2020-05
Mississippi,2021,may,56.6,5,2021-05-01,2021-05
Mississippi,2022,may,58.6,5,2022-05-01,2022-05
Mississippi,2023,may,60.5,5,2023-05-01,2023-05
Mississippi,2024,may,59.4,5,2024-05-01,2024-05
Mississippi,2025,may,58.3,5,2025-05-01,2025-05
Mississippi,2026,may,-99.9,5,2026-05-01,2026-05
Nebraska,2020,may,52.7,5,2020-05-01,2020-05
Nebraska,2021,may,52.0,5,2021-05-01,2021-05
Nebraska,2022,may,51.2,5,2022-05-01,2022-05
Nebraska,2023,may,57.7,5,2023-05-01,2023-05
Nebraska,2024,may,51.6,5,2024-05-01,2024-05
Nebraska,2025,may,54.6,5,2025-05-01,2025-05
Nebraska,2026,may,-99.9,5,2026-05-01,2026-05
Nevada,2020,may,59.9,5,2020-05-01,2020-05
Nevada,2021,may,60.6,5,2021-05-01,2021-05
Nevada,2022,may,63.9,5,2022-05-01,2022-05
Nevada,2023,may,63.8,5,2023-05-01,2023-05
Nevada,2024,may,65.2,5,2024-05-01,2024-05
Nevada,2025,may,61.6,5,2025-05-01,2025-05
Nevada,2026,may,-99.9,5,2026-05-01,2026-05
Oregon,2020,may,52.8,5,2020-05-01,2020-05
Oregon,2021,may,52.9,5,2021-05-01,2021-05
Oregon,2022,may,52.6,5,2022-05-01,2022-05
Oregon,2023,may,59.7,5,2023-05-01,2023-05
Oregon,2024,may,53.6,5,2024-05-01,2024-05
Oregon,2025,may,56.4,5,2025-05-01,2025-05
Oregon,2026,may,-99.9,5,2026-05-01,2026-05
Alabama,2020,jun,56.2,6,2020-06-01,2020-06
Alabama,2021,jun,65.1,6,2021-06-01,2021-06
Alabama,2022,jun,57.3,6,2022-06-01,2022-06
Alabama,2023,jun,57.2,6,2023-06-01,2023-06
Alabama,2024,jun,60.2,6,2024-06-01,2024-06
Alabama,2025,jun,60.5,6,2025-06-01,2025-06
Alabama,2026,jun,-99.9,6,2026-06-01,2026-06
Arizona,2020,jun,66.0,6,2020-06-01,2020-06
Arizona,2021,jun,67.8,6,2021-06-01,2021-06
Arizona,2022,jun,65.0,6,2022-06-01,2022-06
Arizona,2023,jun,64.8,6,2023-06-01,2023-06
Arizona,2024,jun,66.1,6,2024-06-01,2024-06
Arizona,2025,jun,66.4,6,2025-06-01,2025-06
Arizona,2026,jun,-99.9,6,2026-06-01,2026-06
Arkansas,2020,jun,65.2,6,2020-06-01,2020-06
Arkansas,2021,jun,67.1,6,2021-06-01,2021-06
Arkansas,2022,jun,63.8,6,2022-06-01,2022-06
Arkansas,2023,jun,63.1,6,2023-06-01,2023-06
Arkansas,2024,jun,66.5,6,2024-06-01,2024-06
Arkansas,2025,jun,66.6,6,2025-06-01,2025-06
Arkansas,2026,jun,-99.9,6,2026-06-01,2026-06
California,2020,jun,73.5,6,2020-06-01,2020-06
California,2021,jun,74.0,6,2021-06-01,2021-06
California,2022,jun,75.8,6,2022-06-01,2022-06
California,2023,jun,72.0,6,2023-06-01,2023-06
California,2024,jun,75.6,6,2024-06-01,2024-06
California,2025,jun,76.0,6,2025-06-01,2025-06
California,2026,jun,-99.9,6,2026-06-01,2026-06
Colorado,2020,jun,50.5,6,2020-06-01,2020-06
Colorado,2021,jun,50.9,6,2021-06-01,2021-06
Colorado,2022,jun,52.7,6,2022-06-01,2022-06
Colorado,2023,jun,49.9,6,2023-06-01,2023-06
Colorado,2024,jun,52.8,6,2024-06-01,2024-06
Colorado,2025,jun,50.8,6,2025-06-01,2025-06
Colorado,2026,jun,-99.9,6,2026-06-01,2026-06
Illinois,2020,jun,70.27,6,2020-06-01,2020-06
Illinois,2021,jun,72.57,6,2021-06-01,2021-06
Illinois,2022,jun,70.79,6,2022-06-01,2022-06
Illinois,2023,jun,68.99,6,2023-06-01,2023-06
Illinois,2024,jun,71.8,6,2024-06-01,2024-06
Illinois,2025,jun,71.24,6,2025-06-01,2025-06
Illinois,2026,jun,-99.9,6,2026-06-01,2026-06
Indiana,2020,jun,64.6,6,2020-06-01,2020-06
Indiana,2021,jun,70.2,6,2021-06-01,2021-06
Indiana,2022,jun,65.7,6,2022-06-01,2022-06
Indiana,2023,jun,62.8,6,2023-06-01,2023-06
Indiana,2024,jun,68.0,6,2024-06-01,2024-06
Indiana,2025,jun,67.3,6,2025-06-01,2025-06
Indiana,2026,jun,-99.9,6,2026-06-01,2026-06
Minnesota,2020,jun,67.7,6,2020-06-01,2020-06
Minnesota,2021,jun,70.0,6,2021-06-01,2021-06
Minnesota,2022,jun,66.0,6,2022-06-01,2022-06
Minnesota,2023,jun,65.8,6,2023-06-01,2023-06
Minnesota,2024,jun,66.8,6,2024-06-01,2024-06
Minnesota,2025,jun,66.4,6,2025-06-01,2025-06
Minnesota,2026,jun,-99.9,6,2026-06-01,2026-06
Mississippi,2020,jun,69.3,6,2020-06-01,2020-06
Mississippi,2021,jun,70.9,6,2021-06-01,2021-06
Mississippi,2022,jun,68.4,6,2022-06-01,2022-06
Mississippi,2023,jun,67.4,6,2023-06-01,2023-06
Mississippi,2024,jun,69.1,6,2024-06-01,2024-06
Mississippi,2025,jun,69.0,6,2025-06-01,2025-06
Mississippi,2026,jun,-99.9,6,2026-06-01,2026-06
Nebraska,2020,jun,63.4,6,2020-06-01,2020-06
Nebraska,2021,jun,67.8,6,2021-06-01,2021-06
Nebraska,2022,jun,62.4,6,2022-06-01,2022-06
Nebraska,2023,jun,63.7,6,2023-06-01,2023-06
Nebraska,2024,jun,62.7,6,2024-06-01,2024-06
Nebraska,2025,jun,63.4,6,2025-06-01,2025-06
Nebraska,2026,jun,-99.9,6,2026-06-01,2026-06
Nevada,2020,jun,73.3,6,2020-06-01,2020-06
Nevada,2021,jun,73.9,6,2021-06-01,2021-06
Nevada,2022,jun,73.0,6,2022-06-01,2022-06
Nevada,2023,jun,71.9,6,2023-06-01,2023-06
Nevada,2024,jun,73.1,6,2024-06-01,2024-06
Nevada,2025,jun,73.2,6,2025-06-01,2025-06
Nevada,2026,jun,-99.9,6,2026-06-01,2026-06
Oregon,2020,jun,65.7,6,2020-06-01,2020-06
Oregon,2021,jun,69.1,6,2021-06-01,2021-06
Oregon,2022,jun,64.1,6,2022-06-01,2022-06
Oregon,2023,jun,67.4,6,2023-06-01,2023-06
Oregon,2024,jun,62.9,6,2024-06-01,2024-06
Oregon,2025,jun,64.1,6,2025-06-01,2025-06
Oregon,2026,jun,-99.9,6,2026-06-01,2026-06
Alabama,2020,jul,64.9,7,2020-07-01,2020-07
Alabama,2021,jul,71.8,7,2021-07-01,2021-07
Alabama,2022,jul,69.4,7,2022-07-01,2022-07
Alabama,2023,jul,68.6,7,2023-07-01,2023-07
Alabama,2024,jul,69.4,7,2024-07-01,2024-07
Alabama,2025,jul,67.8,7,2025-07-01,2025-07
Alabama,2026,jul,-99.9,7,2026-07-01,2026-07
Arizona,2020,jul,72.5,7,2020-07-01,2020-07
Arizona,2021,jul,68.7,7,2021-07-01,2021-07
Arizona,2022,jul,69.2,7,2022-07-01,2022-07
Arizona,2023,jul,68.5,7,2023-07-01,2023-07
Arizona,2024,jul,68.9,7,2024-07-01,2024-07
Arizona,2025,jul,70.7,7,2025-07-01,2025-07
Arizona,2026,jul,-99.9,7,2026-07-01,2026-07
Arkansas,2020,jul,72.9,7,2020-07-01,2020-07
Arkansas,2021,jul,67.7,7,2021-07-01,2021-07
Arkansas,2022,jul,69.7,7,2022-07-01,2022-07
Arkansas,2023,jul,70.7,7,2023-07-01,2023-07
Arkansas,2024,jul,71.2,7,2024-07-01,2024-07
Arkansas,2025,jul,71.9,7,2025-07-01,2025-07
Arkansas,2026,jul,-99.9,7,2026-07-01,2026-07
California,2020,jul,79.2,7,2020-07-01,2020-07
California,2021,jul,77.0,7,2021-07-01,2021-07
California,2022,jul,80.2,7,2022-07-01,2022-07
California,2023,jul,77.3,7,2023-07-01,2023-07
California,2024,jul,78.3,7,2024-07-01,2024-07
California,2025,jul,80.5,7,2025-07-01,2025-07
California,2026,jul,-99.9,7,2026-07-01,2026-07
Colorado,2020,jul,53.2,7,2020-07-01,2020-07
Colorado,2021,jul,53.9,7,2021-07-01,2021-07
Colorado,2022,jul,53.3,7,2022-07-01,2022-07
Colorado,2023,jul,56.1,7,2023-07-01,2023-07
Colorado,2024,jul,52.8,7,2024-07-01,2024-07
Colorado,2025,jul,55.2,7,2025-07-01,2025-07
Colorado,2026,jul,-99.9,7,2026-07-01,2026-07
Illinois,2020,jul,75.63,7,2020-07-01,2020-07
Illinois,2021,jul,75.4,7,2021-07-01,2021-07
Illinois,2022,jul,76.39,7,2022-07-01,2022-07
Illinois,2023,jul,75.65,7,2023-07-01,2023-07
Illinois,2024,jul,75.7,7,2024-07-01,2024-07
Illinois,2025,jul,75.43,7,2025-07-01,2025-07
Illinois,2026,jul,-99.9,7,2026-07-01,2026-07
Indiana,2020,jul,71.6,7,2020-07-01,2020-07
Indiana,2021,jul,74.6,7,2021-07-01,2021-07
Indiana,2022,jul,73.5,7,2022-07-01,2022-07
Indiana,2023,jul,74.1,7,2023-07-01,2023-07
Indiana,2024,jul,74.5,7,2024-07-01,2024-07
Indiana,2025,jul,72.0,7,2025-07-01,2025-07
Indiana,2026,jul,-99.9,7,2026-07-01,2026-07
Minnesota,2020,jul,71.7,7,2020-07-01,2020-07
Minnesota,2021,jul,74.1,7,2021-07-01,2021-07
Minnesota,2022,jul,73.5,7,2022-07-01,2022-07
Minnesota,2023,jul,70.7,7,2023-07-01,2023-07
Minnesota,2024,jul,71.9,7,2024-07-01,2024-07
Minnesota,2025,jul,72.0,7,2025-07-01,2025-07
Minnesota,2026,jul,-99.9,7,2026-07-01,2026-07
Mississippi,2020,jul,73.7,7,2020-07-01,2020-07
Mississippi,2021,jul,73.8,7,2021-07-01,2021-07
Mississippi,2022,jul,74.3,7,2022-07-01,2022-07
Mississippi,2023,jul,72.2,7,2023-07-01,2023-07
Mississippi,2024,jul,72.8,7,2024-07-01,2024-07
Mississippi,2025,jul,74.0,7,2025-07-01,2025-07
Mississippi,2026,jul,-99.9,7,2026-07-01,2026-07
Nebraska,2020,jul,68.8,7,2020-07-01,2020-07
Nebraska,2021,jul,72.9,7,2021-07-01,2021-07
Nebraska,2022,jul,70.6,7,2022-07-01,2022-07
Nebraska,2023,jul,68.6,7,2023-07-01,2023-07
Nebraska,2024,jul,70.3,7,2024-07-01,2024-07
Nebraska,2025,jul,69.3,7,2025-07-01,2025-07
Nebraska,2026,jul,-99.9,7,2026-07-01,2026-07
Nevada,2020,jul,77.0,7,2020-07-01,2020-07
Nevada,2021,jul,74.9,7,2021-07-01,2021-07
Nevada,2022,jul,76.4,7,2022-07-01,2022-07
Nevada,2023,jul,74.6,7,2023-07-01,2023-07
Nevada,2024,jul,74.4,7,2024-07-01,2024-07
Nevada,2025,jul,77.2,7,2025-07-01,2025-07
Nevada,2026,jul,-99.9,7,2026-07-01,2026-07
Oregon,2020,jul,70.0,7,2020-07-01,2020-07
Oregon,2021,jul,73.6,7,2021-07-01,2021-07
Oregon,2022,jul,71.0,7,2022-07-01,2022-07
Oregon,2023,jul,68.1,7,2023-07-01,2023-07
Oregon,2024,jul,71.1,7,2024-07-01,2024-07
Oregon,2025,jul,69.4,7,2025-07-01,2025-07
Oregon,2026,jul,-99.9,7,2026-07-01,2026-07
Alabama,2020,aug,67.1,8,2020-08-01,2020-08
Alabama,2021,aug,63.9,8,2021-08-01,2021-08
Alabama,2022,aug,69.4,8,2022-08-01,2022-08
Alabama,2023,aug,65.8,8,2023-08-01,2023-08
Alabama,2024,aug,65.5,8,2024-08-01,2024-08
Alabama,2025,aug,66.5,8,2025-08-01,2025-08
Alabama,2026,aug,-99.9,8,2026-08-01,2026-08
Arizona,2020,aug,68.6,8,2020-08-01,2020-08
Arizona,2021,aug,71.0,8,2021-08-01,2021-08
Arizona,2022,aug,68.2,8,2022-08-01,2022-08
Arizona,2023,aug,65.7,8,2023-08-01,2023-08
Arizona,2024,aug,67.9,8,2024-08-01,2024-08
Arizona,2025,aug,66.9,8,2025-08-01,2025-08
Arizona,2026,aug,-99.9,8,2026-08-01,2026-08
Arkansas,2020,aug,68.6,8,2020-08-01,2020-08
Arkansas,2021,aug,70.4,8,2021-08-01,2021-08
Arkansas,2022,aug,70.0,8,2022-08-01,2022-08
Arkansas,2023,aug,65.8,8,2023-08-01,2023-08
Arkansas,2024,aug,67.3,8,2024-08-01,2024-08
Arkansas,2025,aug,66.0,8,2025-08-01,2025-08
Arkansas,2026,aug,-99.9,8,2026-08-01,2026-08
California,2020,aug,76.4,8,2020-08-01,2020-08
California,2021,aug,77.2,8,2021-08-01,2021-08
California,2022,aug,76.4,8,2022-08-01,2022-08
California,2023,aug,76.2,8,2023-08-01,2023-08
California,2024,aug,76.8,8,2024-08-01,2024-08
California,2025,aug,75.6,8,2025-08-01,2025-08
California,2026,aug,-99.9,8,2026-08-01,2026-08
Colorado,2020,aug,52.1,8,2020-08-01,2020-08
Colorado,2021,aug,49.4,8,2021-08-01,2021-08
Colorado,2022,aug,50.1,8,2022-08-01,2022-08
Colorado,2023,aug,53.2,8,2023-08-01,2023-08
Colorado,2024,aug,49.6,8,2024-08-01,2024-08
Colorado,2025,aug,51.4,8,2025-08-01,2025-08
Colorado,2026,aug,-99.9,8,2026-08-01,2026-08
Illinois,2020,aug,74.68,8,2020-08-01,2020-08
Illinois,2021,aug,73.96,8,2021-08-01,2021-08
Illinois,2022,aug,74.59,8,2022-08-01,2022-08
Illinois,2023,aug,74.35,8,2023-08-01,2023-08
Illinois,2024,aug,74.01,8,2024-08-01,2024-08
Illinois,2025,aug,73.38,8,2025-08-01,2025-08
Illinois,2026,aug,-99.9,8,2026-08-01,2026-08
Indiana,2020,aug,73.2,8,2020-08-01,2020-08
Indiana,2021,aug,70.3,8,2021-08-01,2021-08
Indiana,2022,aug,72.4,8,2022-08-01,2022-08
Indiana,2023,aug,70.9,8,2023-08-01,2023-08
Indiana,2024,aug,70.9,8,2024-08-01,2024-08
Indiana,2025,aug,71.9,8,2025-08-01,2025-08
Indiana,2026,aug,-99.9,8,2026-08-01,2026-08
Minnesota,2020,aug,71.5,8,2020-08-01,2020-08
Minnesota,2021,aug,70.5,8,2021-08-01,2021-08
Minnesota,2022,aug,72.5,8,2022-08-01,2022-08
Minnesota,2023,aug,70.7,8,2023-08-01,2023-08
Minnesota,2024,aug,70.2,8,2024-08-01,2024-08
Minnesota,2025,aug,69.9,8,2025-08-01,2025-08
Minnesota,2026,aug,-99.9,8,2026-08-01,2026-08
Mississippi,2020,aug,71.9,8,2020-08-01,2020-08
Mississippi,2021,aug,72.2,8,2021-08-01,2021-08
Mississippi,2022,aug,72.6,8,2022-08-01,2022-08
Mississippi,2023,aug,71.5,8,2023-08-01,2023-08
Mississippi,2024,aug,71.3,8,2024-08-01,2024-08
Mississippi,2025,aug,70.6,8,2025-08-01,2025-08
Mississippi,2026,aug,-99.9,8,2026-08-01,2026-08
Nebraska,2020,aug,69.2,8,2020-08-01,2020-08
Nebraska,2021,aug,67.4,8,2021-08-01,2021-08
Nebraska,2022,aug,69.9,8,2022-08-01,2022-08
Nebraska,2023,aug,68.0,8,2023-08-01,2023-08
Nebraska,2024,aug,67.3,8,2024-08-01,2024-08
Nebraska,2025,aug,67.9,8,2025-08-01,2025-08
Nebraska,2026,aug,-99.9,8,2026-08-01,2026-08
Nevada,2020,aug,73.3,8,2020-08-01,2020-08
Nevada,2021,aug,75.1,8,2021-08-01,2021-08
Nevada,2022,aug,73.9,8,2022-08-01,2022-08
Nevada,2023,aug,74.0,8,2023-08-01,2023-08
Nevada,2024,aug,73.6,8,2024-08-01,2024-08
Nevada,2025,aug,72.6,8,2025-08-01,2025-08
Nevada,2026,aug,-99.9,8,2026-08-01,2026-08
Oregon,2020,aug,69.1,8,2020-08-01,2020-08
Oregon,2021,aug,68.5,8,2021-08-01,2021-08
Oregon,2022,aug,69.8,8,2022-08-01,2022-08
Oregon,2023,aug,68.3,8,2023-08-01,2023-08
Oregon,2024,aug,67.4,8,2024-08-01,2024-08
Oregon,2025,aug,67.9,8,2025-08-01,2025-08
Oregon,2026,aug,-99.9,8,2026-08-01,2026-08
Alabama,2020,sep,58.7,9,2020-09-01,2020-09
Alabama,2021,sep,57.2,9,2021-09-01,2021-09
Alabama,2022,sep,60.8,9,2022-09-01,2022-09
Alabama,2023,sep,56.6,9,2023-09-01,2023-09
Alabama,2024,sep,59.4,9,2024-09-01,2024-09
Alabama,2025,sep,60.7,9,2025-09-01,2025-09
Alabama,2026,sep,-99.9,9,2026-09-01,2026-09
Arizona,2020,sep,58.2,9,2020-09-01,2020-09
Arizona,2021,sep,61.4,9,2021-09-01,2021-09
Arizona,2022,sep,60.9,9,2022-09-01,2022-09
Arizona,2023,sep,62.1,9,2023-09-01,2023-09
Arizona,2024,sep,63.9,9,2024-09-01,2024-09
Arizona,2025,sep,61.7,9,2025-09-01,2025-09
Arizona,2026,sep,-99.9,9,2026-09-01,2026-09
Arkansas,2020,sep,59.6,9,2020-09-01,2020-09
Arkansas,2021,sep,61.7,9,2021-09-01,2021-09
Arkansas,2022,sep,60.5,9,2022-09-01,2022-09
Arkansas,2023,sep,61.7,9,2023-09-01,2023-09
Arkansas,2024,sep,62.3,9,2024-09-01,2024-09
Arkansas,2025,sep,61.2,9,2025-09-01,2025-09
Arkansas,2026,sep,-99.9,9,2026-09-01,2026-09
California,2020,sep,69.9,9,2020-09-01,2020-09
California,2021,sep,69.7,9,2021-09-01,2021-09
California,2022,sep,69.4,9,2022-09-01,2022-09
California,2023,sep,70.9,9,2023-09-01,2023-09
California,2024,sep,71.4,9,2024-09-01,2024-09
California,2025,sep,71.5,9,2025-09-01,2025-09
California,2026,sep,-99.9,9,2026-09-01,2026-09
Colorado,2020,sep,42.0,9,2020-09-01,2020-09
Colorado,2021,sep,39.4,9,2021-09-01,2021-09
Colorado,2022,sep,42.7,9,2022-09-01,2022-09
Colorado,2023,sep,40.8,9,2023-09-01,2023-09
Colorado,2024,sep,42.2,9,2024-09-01,2024-09
Colorado,2025,sep,41.9,9,2025-09-01,2025-09
Colorado,2026,sep,-99.9,9,2026-09-01,2026-09
Illinois,2020,sep,65.89,9,2020-09-01,2020-09
Illinois,2021,sep,67.78,9,2021-09-01,2021-09
Illinois,2022,sep,68.02,9,2022-09-01,2022-09
Illinois,2023,sep,67.75,9,2023-09-01,2023-09
Illinois,2024,sep,68.61,9,2024-09-01,2024-09
Illinois,2025,sep,67.95,9,2025-09-01,2025-09
Illinois,2026,sep,-99.9,9,2026-09-01,2026-09
Indiana,2020,sep,65.1,9,2020-09-01,2020-09
Indiana,2021,sep,64.4,9,2021-09-01,2021-09
Indiana,2022,sep,66.4,9,2022-09-01,2022-09
Indiana,2023,sep,62.6,9,2023-09-01,2023-09
Indiana,2024,sep,65.6,9,2024-09-01,2024-09
Indiana,2025,sep,65.0,9,2025-09-01,2025-09
Indiana,2026,sep,-99.9,9,2026-09-01,2026-09
Minnesota,2020,sep,60.2,9,2020-09-01,2020-09
Minnesota,2021,sep,64.2,9,2021-09-01,2021-09
Minnesota,2022,sep,64.6,9,2022-09-01,2022-09
Minnesota,2023,sep,63.7,9,2023-09-01,2023-09
Minnesota,2024,sep,65.6,9,2024-09-01,2024-09
Minnesota,2025,sep,63.9,9,2025-09-01,2025-09
Minnesota,2026,sep,-99.9,9,2026-09-01,2026-09
Mississippi,2020,sep,62.0,9,2020-09-01,2020-09
Mississippi,2021,sep,65.5,9,2021-09-01,2021-09
Mississippi,2022,sep,65.1,9,2022-09-01,2022-09
Mississippi,2023,sep,65.3,9,2023-09-01,2023-09
Mississippi,2024,sep,66.5,9,2024-09-01,2024-09
Mississippi,2025,sep,65.5,9,2025-09-01,2025-09
Mississippi,2026,sep,-99.9,9,2026-09-01,2026-09
Nebraska,2020,sep,58.1,9,2020-09-01,2020-09
Nebraska,2021,sep,60.7,9,2021-09-01,2021-09
Nebraska,2022,sep,61.8,9,2022-09-01,2022-09
Nebraska,2023,sep,60.5,9,2023-09-01,2023-09
Nebraska,2024,sep,63.3,9,2024-09-01,2024-09
Nebraska,2025,sep,61.9,9,2025-09-01,2025-09
Nebraska,2026,sep,-99.9,9,2026-09-01,2026-09
Nevada,2020,sep,64.8,9,2020-09-01,2020-09
Nevada,2021,sep,68.4,9,2021-09-01,2021-09
Nevada,2022,sep,67.1,9,2022-09-01,2022-09
Nevada,2023,sep,68.6,9,2023-09-01,2023-09
Nevada,2024,sep,68.9,9,2024-09-01,2024-09
Nevada,2025,sep,68.6,9,2025-09-01,2025-09
Nevada,2026,sep,-99.9,9,2026-09-01,2026-09
Oregon,2020,sep,57.7,9,2020-09-01,2020-09
Oregon,2021,sep,61.6,9,2021-09-01,2021-09
Oregon,2022,sep,61.5,9,2022-09-01,2022-09
Oregon,2023,sep,61.7,9,2023-09-01,2023-09
Oregon,2024,sep,64.5,9,2024-09-01,2024-09
Oregon,2025,sep,62.7,9,2025-09-01,2025-09
Oregon,2026,sep,-99.9,9,2026-09-01,2026-09
Alabama,2020,oct,45.4,10,2020-10-01,2020-10
Alabama,2021,oct,45.2,10,2021-10-01,2021-10
Alabama,2022,oct,48.0,10,2022-10-01,2022-10
Alabama,2023,oct,45.9,10,2023-10-01,2023-10
Alabama,2024,oct,48.3,10,2024-10-01,2024-10
Alabama,2025,oct,44.0,10,2025-10-01,2025-10
Alabama,2026,oct,-99.9,10,2026-10-01,2026-10
Arizona,2020,oct,44.4,10,2020-10-01,2020-10
Arizona,2021,oct,55.2,10,2021-10-01,2021-10
Arizona,2022,oct,48.3,10,2022-10-01,2022-10
Arizona,2023,oct,50.6,10,2023-10-01,2023-10
Arizona,2024,oct,52.2,10,2024-10-01,2024-10
Arizona,2025,oct,51.8,10,2025-10-01,2025-10
Arizona,2026,oct,-99.9,10,2026-10-01,2026-10
Arkansas,2020,oct,49.0,10,2020-10-01,2020-10
Arkansas,2021,oct,54.8,10,2021-10-01,2021-10
Arkansas,2022,oct,48.9,10,2022-10-01,2022-10
Arkansas,2023,oct,53.0,10,2023-10-01,2023-10
Arkansas,2024,oct,50.6,10,2024-10-01,2024-10
Arkansas,2025,oct,49.9,10,2025-10-01,2025-10
Arkansas,2026,oct,-99.9,10,2026-10-01,2026-10
California,2020,oct,60.4,10,2020-10-01,2020-10
California,2021,oct,63.4,10,2021-10-01,2021-10
California,2022,oct,56.3,10,2022-10-01,2022-10
California,2023,oct,60.9,10,2023-10-01,2023-10
California,2024,oct,61.6,10,2024-10-01,2024-10
California,2025,oct,61.2,10,2025-10-01,2025-10
California,2026,oct,-99.9,10,2026-10-01,2026-10
Colorado,2020,oct,28.9,10,2020-10-01,2020-10
Colorado,2021,oct,27.9,10,2021-10-01,2021-10
Colorado,2022,oct,28.8,10,2022-10-01,2022-10
Colorado,2023,oct,28.0,10,2023-10-01,2023-10
Colorado,2024,oct,27.7,10,2024-10-01,2024-10
Colorado,2025,oct,31.4,10,2025-10-01,2025-10
Colorado,2026,oct,-99.9,10,2026-10-01,2026-10
Illinois,2020,oct,54.28,10,2020-10-01,2020-10
Illinois,2021,oct,56.95,10,2021-10-01,2021-10
Illinois,2022,oct,55.18,10,2022-10-01,2022-10
Illinois,2023,oct,56.03,10,2023-10-01,2023-10
Illinois,2024,oct,58.93,10,2024-10-01,2024-10
Illinois,2025,oct,56.98,10,2025-10-01,2025-10
Illinois,2026,oct,-99.9,10,2026-10-01,2026-10
Indiana,2020,oct,54.4,10,2020-10-01,2020-10
Indiana,2021,oct,50.6,10,2021-10-01,2021-10
Indiana,2022,oct,54.0,10,2022-10-01,2022-10
Indiana,2023,oct,53.1,10,2023-10-01,2023-10
Indiana,2024,oct,56.2,10,2024-10-01,2024-10
Indiana,2025,oct,52.1,10,2025-10-01,2025-10
Indiana,2026,oct,-99.9,10,2026-10-01,2026-10
Minnesota,2020,oct,43.5,10,2020-10-01,2020-10
Minnesota,2021,oct,50.3,10,2021-10-01,2021-10
Minnesota,2022,oct,49.8,10,2022-10-01,2022-10
Minnesota,2023,oct,47.7,10,2023-10-01,2023-10
Minnesota,2024,oct,53.5,10,2024-10-01,2024-10
Minnesota,2025,oct,51.2,10,2025-10-01,2025-10
Minnesota,2026,oct,-99.9,10,2026-10-01,2026-10
Mississippi,2020,oct,47.4,10,2020-10-01,2020-10
Mississippi,2021,oct,54.2,10,2021-10-01,2021-10
Mississippi,2022,oct,51.0,10,2022-10-01,2022-10
Mississippi,2023,oct,51.4,10,2023-10-01,2023-10
Mississippi,2024,oct,55.2,10,2024-10-01,2024-10
Mississippi,2025,oct,53.8,10,2025-10-01,2025-10
Mississippi,2026,oct,-99.9,10,2026-10-01,2026-10
Nebraska,2020,oct,41.7,10,2020-10-01,2020-10
Nebraska,2021,oct,47.3,10,2021-10-01,2021-10
Nebraska,2022,oct,47.6,10,2022-10-01,2022-10
Nebraska,2023,oct,45.1,10,2023-10-01,2023-10
Nebraska,2024,oct,50.1,10,2024-10-01,2024-10
Nebraska,2025,oct,47.6,10,2025-10-01,2025-10
Nebraska,2026,oct,-99.9,10,2026-10-01,2026-10
Nevada,2020,oct,50.6,10,2020-10-01,2020-10
Nevada,2021,oct,58.8,10,2021-10-01,2021-10
Nevada,2022,oct,53.3,10,2022-10-01,2022-10
Nevada,2023,oct,55.9,10,2023-10-01,2023-10
Nevada,2024,oct,58.5,10,2024-10-01,2024-10
Nevada,2025,oct,58.4,10,2025-10-01,2025-10
Nevada,2026,oct,-99.9,10,2026-10-01,2026-10
Oregon,2020,oct,39.6,10,2020-10-01,2020-10
Oregon,2021,oct,48.6,10,2021-10-01,2021-10
Oregon,2022,oct,47.2,10,2022-10-01,2022-10
Oregon,2023,oct,44.9,10,2023-10-01,2023-10
Oregon,2024,oct,50.1,10,2024-10-01,2024-10
Oregon,2025,oct,48.7,10,2025-10-01,2025-10
Oregon,2026,oct,-99.9,10,2026-10-01,2026-10
Alabama,2020,nov,32.7,11,2020-11-01,2020-11
Alabama,2021,nov,36.7,11,2021-11-01,2021-11
Alabama,2022,nov,26.4,11,2022-11-01,2022-11
Alabama,2023,nov,34.3,11,2023-11-01,2023-11
Alabama,2024,nov,31.6,11,2024-11-01,2024-11
Alabama,2025,nov,39.1,11,2025-11-01,2025-11
Alabama,2026,nov,-99.9,11,2026-11-01,2026-11
Arizona,2020,nov,41.1,11,2020-11-01,2020-11
Arizona,2021,nov,36.3,11,2021-11-01,2021-11
Arizona,2022,nov,38.6,11,2022-11-01,2022-11
Arizona,2023,nov,36.3,11,2023-11-01,2023-11
Arizona,2024,nov,41.4,11,2024-11-01,2024-11
Arizona,2025,nov,36.3,11,2025-11-01,2025-11
Arizona,2026,nov,-99.9,11,2026-11-01,2026-11
Arkansas,2020,nov,41.9,11,2020-11-01,2020-11
Arkansas,2021,nov,37.0,11,2021-11-01,2021-11
Arkansas,2022,nov,41.0,11,2022-11-01,2022-11
Arkansas,2023,nov,36.1,11,2023-11-01,2023-11
Arkansas,2024,nov,41.6,11,2024-11-01,2024-11
Arkansas,2025,nov,36.3,11,2025-11-01,2025-11
Arkansas,2026,nov,-99.9,11,2026-11-01,2026-11
California,2020,nov,51.9,11,2020-11-01,2020-11
California,2021,nov,45.6,11,2021-11-01,2021-11
California,2022,nov,49.0,11,2022-11-01,2022-11
California,2023,nov,50.0,11,2023-11-01,2023-11
California,2024,nov,54.8,11,2024-11-01,2024-11
California,2025,nov,50.8,11,2025-11-01,2025-11
California,2026,nov,-99.9,11,2026-11-01,2026-11
Colorado,2020,nov,14.5,11,2020-11-01,2020-11
Colorado,2021,nov,4.6,11,2021-11-01,2021-11
Colorado,2022,nov,16.3,11,2022-11-01,2022-11
Colorado,2023,nov,20.4,11,2023-11-01,2023-11
Colorado,2024,nov,13.5,11,2024-11-01,2024-11
Colorado,2025,nov,17.1,11,2025-11-01,2025-11
Colorado,2026,nov,-99.9,11,2026-11-01,2026-11
Illinois,2020,nov,46.31,11,2020-11-01,2020-11
Illinois,2021,nov,45.07,11,2021-11-01,2021-11
Illinois,2022,nov,40.96,11,2022-11-01,2022-11
Illinois,2023,nov,44.22,11,2023-11-01,2023-11
Illinois,2024,nov,45.14,11,2024-11-01,2024-11
Illinois,2025,nov,46.74,11,2025-11-01,2025-11
Illinois,2026,nov,-99.9,11,2026-11-01,2026-11
Indiana,2020,nov,41.7,11,2020-11-01,2020-11
Indiana,2021,nov,45.0,11,2021-11-01,2021-11
Indiana,2022,nov,35.6,11,2022-11-01,2022-11
Indiana,2023,nov,41.9,11,2023-11-01,2023-11
Indiana,2024,nov,38.8,11,2024-11-01,2024-11
Indiana,2025,nov,45.8,11,2025-11-01,2025-11
Indiana,2026,nov,-99.9,11,2026-11-01,2026-11
Minnesota,2020,nov,38.7,11,2020-11-01,2020-11
Minnesota,2021,nov,39.8,11,2021-11-01,2021-11
Minnesota,2022,nov,29.9,11,2022-11-01,2022-11
Minnesota,2023,nov,37.9,11,2023-11-01,2023-11
Minnesota,2024,nov,35.7,11,2024-11-01,2024-11
Minnesota,2025,nov,39.4,11,2025-11-01,2025-11
Minnesota,2026,nov,-99.9,11,2026-11-01,2026-11
Mississippi,2020,nov,41.9,11,2020-11-01,2020-11
Mississippi,2021,nov,40.2,11,2021-11-01,2021-11
Mississippi,2022,nov,35.5,11,2022-11-01,2022-11
Mississippi,2023,nov,39.9,11,2023-11-01,2023-11
Mississippi,2024,nov,40.3,11,2024-11-01,2024-11
Mississippi,2025,nov,41.1,11,2025-11-01,2025-11
Mississippi,2026,nov,-99.9,11,2026-11-01,2026-11
Nebraska,2020,nov,34.3,11,2020-11-01,2020-11
Nebraska,2021,nov,36.3,11,2021-11-01,2021-11
Nebraska,2022,nov,26.1,11,2022-11-01,2022-11
Nebraska,2023,nov,34.2,11,2023-11-01,2023-11
Nebraska,2024,nov,31.7,11,2024-11-01,2024-11
Nebraska,2025,nov,36.5,11,2025-11-01,2025-11
Nebraska,2026,nov,-99.9,11,2026-11-01,2026-11
Nevada,2020,nov,45.7,11,2020-11-01,2020-11
Nevada,2021,nov,41.4,11,2021-11-01,2021-11
Nevada,2022,nov,41.1,11,2022-11-01,2022-11
Nevada,2023,nov,42.6,11,2023-11-01,2023-11
Nevada,2024,nov,45.4,11,2024-11-01,2024-11
Nevada,2025,nov,43.4,11,2025-11-01,2025-11
Nevada,2026,nov,-99.9,11,2026-11-01,2026-11
Oregon,2020,nov,32.8,11,2020-11-01,2020-11
Oregon,2021,nov,34.0,11,2021-11-01,2021-11
Oregon,2022,nov,24.9,11,2022-11-01,2022-11
Oregon,2023,nov,32.7,11,2023-11-01,2023-11
Oregon,2024,nov,30.9,11,2024-11-01,2024-11
Oregon,2025,nov,34.4,11,2025-11-01,2025-11
Oregon,2026,nov,-99.9,11,2026-11-01,2026-11
Alabama,2020,dec,26.2,12,2020-12-01,2020-12
Alabama,2021,dec,26.5,12,2021-12-01,2021-12
Alabama,2022,dec,22.8,12,2022-12-01,2022-12
Alabama,2023,dec,29.6,12,2023-12-01,2023-12
Alabama,2024,dec,30.2,12,2024-12-01,2024-12
Alabama,2025,dec,33.7,12,2025-12-01,2025-12
Alabama,2026,dec,-99.9,12,2026-12-01,2026-12
Arizona,2020,dec,28.6,12,2020-12-01,2020-12
Arizona,2021,dec,30.1,12,2021-12-01,2021-12
Arizona,2022,dec,26.9,12,2022-12-01,2022-12
Arizona,2023,dec,35.1,12,2023-12-01,2023-12
Arizona,2024,dec,27.9,12,2024-12-01,2024-12
Arizona,2025,dec,22.7,12,2025-12-01,2025-12
Arizona,2026,dec,-99.9,12,2026-12-01,2026-12
Arkansas,2020,dec,29.8,12,2020-12-01,2020-12
Arkansas,2021,dec,32.8,12,2021-12-01,2021-12
Arkansas,2022,dec,29.0,12,2022-12-01,2022-12
Arkansas,2023,dec,35.0,12,2023-12-01,2023-12
Arkansas,2024,dec,27.0,12,2024-12-01,2024-12
Arkansas,2025,dec,22.7,12,2025-12-01,2025-12
Arkansas,2026,dec,-99.9,12,2026-12-01,2026-12
California,2020,dec,39.5,12,2020-12-01,2020-12
California,2021,dec,50.4,12,2021-12-01,2021-12
California,2022,dec,40.8,12,2022-12-01,2022-12
California,2023,dec,44.2,12,2023-12-01,2023-12
California,2024,dec,42.9,12,2024-12-01,2024-12
California,2025,dec,41.5,12,2025-12-01,2025-12
California,2026,dec,-99.9,12,2026-12-01,2026-12
Colorado,2020,dec,10.6,12,2020-12-01,2020-12
Colorado,2021,dec,6.8,12,2021-12-01,2021-12
Colorado,2022,dec,7.1,12,2022-12-01,2022-12
Colorado,2023,dec,5.8,12,2023-12-01,2023-12
Colorado,2024,dec,13.8,12,2024-12-01,2024-12
Colorado,2025,dec,-2.1,12,2025-12-01,2025-12
Colorado,2026,dec,-99.9,12,2026-12-01,2026-12
Illinois,2020,dec,35.71,12,2020-12-01,2020-12
Illinois,2021,dec,39.34,12,2021-12-01,2021-12
Illinois,2022,dec,33.12,12,2022-12-01,2022-12
Illinois,2023,dec,39.76,12,2023-12-01,2023-12
Illinois,2024,dec,38.16,12,2024-12-01,2024-12
Illinois,2025,dec,37.89,12,2025-12-01,2025-12
Illinois,2026,dec,-99.9,12,2026-12-01,2026-12
Indiana,2020,dec,33.6,12,2020-12-01,2020-12
Indiana,2021,dec,34.5,12,2021-12-01,2021-12
Indiana,2022,dec,32.0,12,2022-12-01,2022-12
Indiana,2023,dec,37.1,12,2023-12-01,2023-12
Indiana,2024,dec,37.9,12,2024-12-01,2024-12
Indiana,2025,dec,40.9,12,2025-12-01,2025-12
Indiana,2026,dec,-99.9,12,2026-12-01,2026-12
Minnesota,2020,dec,29.6,12,2020-12-01,2020-12
Minnesota,2021,dec,27.9,12,2021-12-01,2021-12
Minnesota,2022,dec,19.5,12,2022-12-01,2022-12
Minnesota,2023,dec,32.8,12,2023-12-01,2023-12
Minnesota,2024,dec,30.7,12,2024-12-01,2024-12
Minnesota,2025,dec,30.6,12,2025-12-01,2025-12
Minnesota,2026,dec,-99.9,12,2026-12-01,2026-12
Mississippi,2020,dec,30.9,12,2020-12-01,2020-12
Mississippi,2021,dec,33.1,12,2021-12-01,2021-12
Mississippi,2022,dec,24.6,12,2022-12-01,2022-12
Mississippi,2023,dec,35.5,12,2023-12-01,2023-12
Mississippi,2024,dec,32.2,12,2024-12-01,2024-12
Mississippi,2025,dec,30.7,12,2025-12-01,2025-12
Mississippi,2026,dec,-99.9,12,2026-12-01,2026-12
Nebraska,2020,dec,26.2,12,2020-12-01,2020-12
Nebraska,2021,dec,21.7,12,2021-12-01,2021-12
Nebraska,2022,dec,15.7,12,2022-12-01,2022-12
Nebraska,2023,dec,29.8,12,2023-12-01,2023-12
Nebraska,2024,dec,26.3,12,2024-12-01,2024-12
Nebraska,2025,dec,26.0,12,2025-12-01,2025-12
Nebraska,2026,dec,-99.9,12,2026-12-01,2026-12
Nevada,2020,dec,32.5,12,2020-12-01,2020-12
Nevada,2021,dec,37.9,12,2021-12-01,2021-12
Nevada,2022,dec,28.5,12,2022-12-01,2022-12
Nevada,2023,dec,38.4,12,2023-12-01,2023-12
Nevada,2024,dec,33.3,12,2024-12-01,2024-12
Nevada,2025,dec,29.9,12,2025-12-01,2025-12
Nevada,2026,dec,-99.9,12,2026-12-01,2026-12
Oregon,2020,dec,24.4,12,2020-12-01,2020-12
Oregon,2021,dec,16.9,12,2021-12-01,2021-12
Oregon,2022,dec,10.6,12,2022-12-01,2022-12
Oregon,2023,dec,28.7,12,2023-12-01,2023-12
Oregon,2024,dec,21.6,12,2024-12-01,2024-12
Oregon,2025,dec,18.6,12,2025-12-01,2025-12
Oregon,2026,dec,-99.9,12,2026-12-01,2026-12
